[
{
    "index": 0,
    "type": "period",
    "page": "residency",
    "infos": "resi-p-truck",
    "image1": "",
    "alt1": "Residency-rented truck parked on Argyle street, in Halifax NS.",
    "caption1": "Our stationary moving truck.",
    "toolTip1": "",
    "startDate": "2005-08-01",
    "endDate": "2006-03-01",
    "title": "The Moving Truck",
    "lead": "a mobile residency",
    "collaborators": [],
    "countdown": false,
    "icon": "/img/animals.png",
    "preBlurb": "between October 1999 and January 2001, the residency <strong>lived</strong> in a truck--a moving truck.",
    "blurb": "between October 1999 and January 2001, the residency <strong>lives</strong> in a truck--a moving truck.",
    "postBlurb": "between October 1999 and January 2001, the residency <strong>will live</strong> in a truck--a moving truck."
},
{   "index": 1,
    "type": "period",
    "page": "residency",
    "infos": "resi-p-floor",
    "image1": "",
    "alt1": "Artist-rendering of an imaginary residency local, a dark sweet-smelling floor.",
    "caption1": "The things we know, just by knowing darkness.",
    "toolTip1": "",
    "startDate": "1999-01-01",
    "endDate": "2003-04-31",
    "title": "The Floor",
    "lead": "when there was enough space on the floor",
    "collaborators": [],
    "countdown": false,
    "icon": "img/residency/period.jpg",
    "preBlurb": "Wherever she lives, there is always a floor.",
    "blurb": "Wherever she lives, there is always a floor.",
    "postBlurb": "Wherever she lived, there was always a floor."
},
{   "index": 2,
    "type": "period",
    "page": "residency",
    "infos": "resi-p-mid_r1",
    "image1": "",
    "alt1": "A muddle of jumbled middles.",
    "caption1": "The middle room was often empty, as it was in the middle of everything.",
    "toolTip1": "",
    "startDate": "2003-09-01",
    "endDate": "2004-12-31",
    "title": "The middle room",
    "lead": "the early years",
    "collaborators": [],
    "countdown": false,
    "icon": "img/residency/period.jpg",
    "preBlurb": "<strong>Those were</strong> the days of middle rooms.",
    "blurb": "<strong>These are</strong> the days of middle rooms.",
    "postBlurb": "<strong>These will be</strong> the days of middle rooms"
},
{   "index": 3,
    "type": "project",
    "page": "residency",
    "infos": "resi-full-stuff",
    "image1": "",
    "alt1": "an image of shopping bags",
    "caption1": "By the end there was nothing left to photograph.",
    "toolTip1": "",
    "startDate": "2005-08-01",
    "endDate": "2005-08-15",
    "title": "All my Stuff",
    "lead": "Francis Fullscript",
    "collaborators": [],
    "countdown": false,
    "icon": "img/residency/2000-10-01.jpg",
    "preBlurb": "",
    "blurb": "Fullscript evaluates his life, as it stacks like tetris pieces into a moving truck going nowhere.",
    "postBlurb": ""
},
{   "index": 4,
    "type": "project",
    "page": "residency",
    "infos": "resi-verm-movie",
    "image1": "/img/animals.png",
    "alt1": "drawing of a cat and a moose wearing cardigans.",
    "caption1": "'Art' from the 2031 movie 'Pandas!'",
    "toolTip1": "",
    "startDate": "2005-06-01",
    "endDate": "2005-06-11",
    "title": "Art in the Movies",
    "lead": "Jodie Vermeer",
    "collaborators": [],
    "countdown": false,
    "icon": "/img/animals.png",
    "preBlurb": "",
    "blurb": "Art in the movies is art for the movies. It benefits from a narrow context. To anyone who knows about the art world, it looks like something made by a novice--probably the director's brother-in-law.",
    "postBlurb": ""
},
{   "index": 5,
    "type": "period",
    "page": "presses",
    "infos": "pres-p-pack",
    "image1": "/img/animals.png",
    "alt1": "An image of cards, and not the playing kind.",
    "caption1": "Who will play against a joker / a king?",
    "toolTip1": "",
    "startDate": "2019-10-01",
    "endDate": "2019-11-31",
    "title": "Only Lies",
    "lead": "Packa Cards",
    "collaborators": [],
    "countdown": false,
    "icon": "img/residency/2019-10-01.jpg",
    "preBlurb": "",
    "blurb": "In these times, we thought it might be fun to explore the rich universe of the Lie. What is a lie? What might a world of only lies look and feel like? How could such a construct even sustain itself. The boundaries of lies, and how such boundaries might clarify fiction, and truth.",
    "postBlurb": ""
},
{   "index": 6,
    "type": "period",
    "page": "presses",
    "infos": "pres-p-whis",
    "image1": "/img/dog-with-cage-puppet.jpg",
    "alt1": "An image of whispers.",
    "caption1": "While we prepared an image of our favourite whispers, they hushed us.",
    "toolTip1": "",
    "startDate": "2010-10-01",
    "endDate": "2012-11-31",
    "title": "Whispered Stories",
    "lead": "Stacey Ruggenbaum",
    "collaborators": [],
    "countdown": false,
    "icon": "",
    "preBlurb": "",
    "blurb": "Reading with eyes closed. Stacey Ruggenbaum has taken on the task of launching a new Press project: 'Whispered audiobooks.' There are moments where only a whisper will do.",
    "postBlurb": ""
},
{   "index": 7,
    "type": "default",
    "page": "home",
    "infos": "home-d-secr",
    "image1": "/img/img_lafinMap.jpg",
    "alt1": "Lafin programs organized visually",
    "caption1": "Lafin sitemap sketch, 2003",
    "toolTip1": "Who censored out the research program?",
    "startDate": null,
    "endDate": null,
    "title": "HOME",
    "lead": "The Liberal Arts Fictional Institute of Narrative",
    "collaborators": [],
    "countdown": false,
    "icon": "img/residency/2019-10-01.jpg",
    "preBlurb": "",
    "blurb": "Lafin's origin story always harkens back to a ship. .",
    "postBlurb": ""
},
{   "index": 8,
    "type": "default",
    "page": "academics",
    "infos": "acad-d-secr",
    "image1": "/img/bunnyB.jpg",
    "alt1": "a bunny bird",
    "caption1": "The image of a bunny/bird.",
    "toolTip1": "",
    "startDate": null,
    "endDate": null,
    "title": "Everything is Happening in Secret",
    "lead": "LAFIN",
    "collaborators": [],
    "countdown": false,
    "icon": "img/residency/2019-10-01.jpg",
    "preBlurb": "",
    "blurb": "The academics are not sharing what they're up to at this moment. This is possibly because they're up to no good.",
    "postBlurb": ""
},
{   "index": 9,
    "type": "default",
    "page": "fiction",
    "infos": "fict-d-secr",
    "image1": "/img/bunnyB.jpg",
    "alt1": "a bunny bird",
    "caption1": "1987, photo, bird nesting outside the Education Wing south window.",
    "toolTip1": "",
    "startDate": null,
    "endDate": null,
    "title": "Continuing the important work in fiction.",
    "lead": "Lafin",
    "collaborators": [],
    "countdown": false,
    "icon": "img/residency/2019-10-01.jpg",
    "preBlurb": "",
    "blurb": "We are figments of a good for nothing imagination.<br>It's difficult to explain further. It's quite simple. We interrogate reality because it is foreign to us.",
    "postBlurb": ""
},
{   "index": 10,
    "type": "default",
    "page": "gallery",
    "infos": "gall-d-secr",
    "image1": "/img/animal_in_jeans.jpg",
    "alt1": "a friend who makes his own jeans",
    "caption1": "Grandma, why are your ears so long?",
    "toolTip1": "",
    "startDate": null,
    "endDate": null,
    "title": "Everything is Happening in Secret",
    "lead": "LAFIN",
    "collaborators": [],
    "countdown": false,
    "icon": "img/residency/2019-10-01.jpg",
    "preBlurb": "",
    "blurb": "The gallery is not sharing what it's up to at this moment. This is possibly because it's up to no good.",
    "postBlurb": ""
},
{   "index": 11,
    "type": "default",
    "page": "presses",
    "infos": "pres-d-secr",
    "image1": "/img/bunnyB.jpg",
    "alt1": "a bunny bird",
    "caption1": "A bunny buddy. A good friend.",
    "startDate": null,
    "toolTip1": "",
    "endDate": null,
    "title": "Everything is Happening in Secret",
    "lead": "LAFIN",
    "collaborators": [],
    "countdown": false,
    "icon": "img/residency/2019-10-01.jpg",
    "preBlurb": "",
    "blurb": "The presses are running? Or are they hiding? They are not sharing, not at the moment. This is possibly because they are up to no good.",
    "postBlurb": ""
},
{   "index": 12,
    "type": "default",
    "page": "research",
    "infos": "rese-d-secr",
    "image1": "/img/bunnyB.jpg",
    "alt1": "a bunny bird",
    "caption1": "Buddy the bunny bun.",
    "toolTip1": "",
    "startDate": null,
    "endDate": null,
    "title": "Everything is Happening in Secret",
    "lead": "LAFIN",
    "collaborators": [],
    "countdown": false,
    "icon": "img/residency/2019-10-01.jpg",
    "preBlurb": "",
    "blurb": "Secret research is not always bad...",
    "postBlurb": ""
},
{   "index": 13,
    "type": "default",
    "page": "residency",
    "infos": "resi-d-secr",
    "image1": "/img/bunnyB.jpg",
    "alt1": "a bunny/bird",
    "caption1": "Bunny B, the bunny bud.",
    "toolTip1": "",
    "startDate": null,
    "endDate": null,
    "title": "All the lovely visits we remember",
    "lead": "LAFIN",
    "collaborators": [],
    "countdown": false,
    "icon": "img/residency/2019-10-01.jpg",
    "preBlurb": "",
    "blurb": "The residency program is currently being all too secretive.",
    "postBlurb": ""
},
{   "index": 14,
    "type": "default",
    "page": "board",
    "infos": "we-p-secr",
    "image1": "/img/bunnyB.jpg",
    "alt1": "a bunny bird",
    "caption1": "Buns and rolls for tree dwelling sorts.",
    "toolTip1": "",
    "startDate": "1900-01-01",
    "endDate": "2050-01-01",
    "title": "Who we are",
    "lead": "Lafin's Board of Directors",
    "collaborators": [],
    "countdown": false,
    "icon": "img/residency/2019-10-01.jpg",
    "preBlurb": "",
    "blurb": "Who we are, on days like today, is a mystery even to ourselves [...]",
    "postBlurb": ""
},
{   "index": 15,
    "type": "project",
    "page": "residency",
    "infos": "resi-squi-fuzzy",
    "image1": "/img/bunnyB.jpg",
    "alt1": "President bunny",
    "caption1": "President bunny",
    "toolTip1": "",
    "startDate": "2012-06-02",
    "endDate": "2012-06-08",
    "title": "Not Quite a Fuzzy Artist",
    "lead": "Sir Squishy",
    "collaborators": [],
    "countdown": false,
    "icon": "img/residency/2019-10-01.jpg",
    "preBlurb": "",
    "blurb": "Currently residing in the back of an anonymous pick-up truck, our resident is, for this week only, a caterpillar.",
    "postBlurb": ""
},
{   "index": 16,
    "type": "period",
    "page": "academics",
    "infos": "acad-p-wint_2020",
    "image1": "/img/bunnyB.jpg",
    "alt1": "a bunny bird",
    "caption1": "Carrot party. All welcome.",
    "toolTip1": "",
    "startDate": "2019-11-01",
    "endDate": "2020-01-31",
    "title": "Winter 2020",
    "lead": "Vaughn Knee",
    "collaborators": [],
    "countdown": false,
    "icon": "img/residency/2019-10-01.jpg",
    "preBlurb": "",
    "blurb": "Winter Session, come back later... we aren't ready for the snow.",
    "postBlurb": ""
},
{   "index": 17,
    "type": "project",
    "page": "gallery",
    "infos": "gall-lero-sono",
    "image1": "/img/bunnyB.jpg",
    "alt1": "The image of a cat in leggings",
    "caption1": "M. Leroux in leggings.",
    "toolTip1": "",
    "startDate": "2019-11-01",
    "endDate": "2020-02-01",
    "title": "SOnoRizaTIon",
    "lead": "M. Leon Leroux",
    "collaborators": [],
    "countdown": false,
    "icon": "img/residency/2019-10-01.jpg",
    "preBlurb": "",
    "blurb": "Currently on show: the art of M. Leon Leroux. Pioneer in the Upwards and Downwards Movements, Mr Leroux has spent the last 10 years creating SOnoRizaTIon, a persistent montage of daily vocalizations on a white background of milk and fish.",
    "postBlurb": ""
},
{   "index": 18,
    "type": "project",
    "page": "research",
    "infos": "rese-scho-fly",
    "image1": "/img/bunnyB.jpg",
    "alt1": "bunny bird",
    "caption1": "every dream in one succinct image. areal view.",
    "toolTip1": "",
    "startDate": "2008-04-00",
    "endDate": "2008-05-00",
    "title": "Flying Dreams",
    "lead": "Melisandre Schofield",
    "collaborators": [],
    "countdown": false,
    "icon": "img/residency/2019-10-01.jpg",
    "preBlurb": "",
    "blurb": "Do you dream of flying? Our current research project exists in the form of a survey.",
    "postBlurb": ""
},
{   "index": 19,
    "type": "project",
    "page": "residency",
    "infos": "resi-shyh-a_way",
    "image1": "/img/animal_in_jeans.jpg",
    "alt1": "Insomniac drawings of shadows on the floor.",
    "caption1": "There are five windows, but only one door.",
    "toolTip1": "",
    "startDate": "2000-04-00",
    "endDate": "2000-05-00",
    "title": "A Way Out",
    "lead": "Fergus ShyHorn",
    "collaborators": [],
    "countdown": false,
    "icon": "",
    "preBlurb": "",
    "blurb": "An insomniac's drawings of shadows on the floor. What happens when God closes a window? What happens when the wind blows through, and messes up all the papers?",
    "postBlurb": ""
},
{   "index": 20,
    "type": "project",
    "page": "residency",
    "infos": "resi-mill-going",
    "image1": "",
    "alt1": "a blank imageless image",
    "caption1": "Ode to Capitalism",
    "toolTip1": "",
    "startDate": "2004-06-00",
    "endDate": "2004-07-00",
    "title": "I'm not going anywhere",
    "lead": "Millefeuilles",
    "collaborators": [],
    "countdown": false,
    "icon": "",
    "preBlurb": "",
    "blurb": "Every relationship is its own special economy, defined by its unique brand of transactionality. That's why, the protagonist that journeys through a capitalist framework is isolated by it, ensconced in predictable relationships and plastic drama. And why not? When economics and poetry can no longer share the stage, the individual is left with nothing.",
    "postBlurb": ""
},
{   "index": 21,
    "type": "project",
    "page": "presses",
    "infos": "pres-norm-rain",
    "image1": "",
    "alt1": "graph representing weekly weather forcast",
    "caption1": "In 2003, a battle of the icons declared a tie between rain and hail.",
    "toolTip1": "",
    "startDate": "2020-09-01",
    "endDate": "2020-09-01",
    "title": "We can no longer differentiate between rain and hail",
    "lead": "Emerson Norman",
    "collaborators": [],
    "countdown": false,
    "icon": "",
    "preBlurb": "",
    "blurb": "In this era of doomsday meteorology, emerges a strange subgroup of citizen scientists mesuring rain, not with modern day tools and technologies, not even with pre-modern instruments. This is a careful and long-term study by those who use just their bodies, and sometimes a mug full of coffee, to delve into the phenomenological study of the thining line between rain and hail.",
    "postBlurb": ""
},
{   "index": 22,
    "type": "project",
    "page": "research",
    "infos": "rese-scho-temp",
    "image1": "/img/bunnyB.jpg",
    "alt1": "bunny bird",
    "caption1": "the template for dreams is an alternate linearity.",
    "toolTip1": "",
    "startDate": "2008-04-00",
    "endDate": "2008-05-00",
    "title": "Dream Templates",
    "lead": "Melisandre Schofield",
    "collaborators": [],
    "countdown": false,
    "icon": "img/residency/2019-10-01.jpg",
    "preBlurb": "",
    "blurb": "trying to pin things down in a dream causes a kind of spiralling, a written note whose symbols morph, and float, and where meaning never stands st.",
    "postBlurb": ""
},
{   "index": 23,
    "type": "project",
    "page": "residency",
    "infos": "resi-swim-sleep",
    "image1": "/img/closet_monster.jpg",
    "alt1": "drawing of a bed, covered with small curly hairs",
    "caption1": "The closet is not the safest place to sleep.",
    "toolTip1": "",
    "startDate": "2005-02-01",
    "endDate": "2005-03-30",
    "title": "Sleeping with a Monster in the Closet",
    "lead": "Jeremy Swimmer",
    "collaborators": [],
    "countdown": false,
    "icon": "",
    "preBlurb": "",
    "blurb": "As artist in residence of the Closet Residency, a one-time offshoot residency program, organized by Vincent Applebee, while he was an artist in residence at Lafin's Middle Room residency.",
    "postBlurb": ""
},
{   "index": 24,
    "type": "project",
    "page": "research",
    "infos": "rese-knee-posit",
    "image1": "/img/small_map.jpg",
    "alt1": "photo of a tiny map sent by the mail",
    "caption1": "We can sometimes get lost.",
    "toolTip1": "",
    "startDate": "1973-04-00",
    "endDate": "1974-04-00",
    "title": "positioning system",
    "lead": "James Knee",
    "collaborators": [],
    "countdown": false,
    "icon": "",
    "preBlurb": "",
    "blurb": "Folded paper road maps, memory palaces, trips back home, google street view frozen moments, cities in disrepair, cities under water, the long descriptive passages that bridge internal and external places.",
    "postBlurb": ""
},
{   "index": 25,
    "type": "project",
    "page": "presses",
    "infos": "pres-baker-prep",
    "image1": "/img/falling_animals.jpg",
    "alt1": "Book cover: a child, mom, and pair of scissors in freefall.",
    "caption1": "Freefall is a generative space.",
    "toolTip1": "",
    "startDate": "2011-09-23",
    "endDate": "2011-09-24",
    "title": "Prepare for a soft landing",
    "lead": "Philius Baker",
    "collaborators": [],
    "countdown": false,
    "icon": "",
    "preBlurb": "",
    "blurb": "Some quiet transitions mark moments that plead for a sound effect--the moment that sucks the air out of a room, affording silence instead of fanfare.",
    "postBlurb": ""
},
{   "index": 26,
    "type": "project",
    "page": "presses",
    "infos": "pres-flint-hat",
    "image1": "/img/small_map.jpg",
    "alt1": "book cover. Image of a secret.",
    "caption1": "You'll never believe what I heard...",
    "toolTip1": "",
    "startDate": "2011-11-13",
    "endDate": "2011-11-14",
    "title": "Under your hat.",
    "lead": "Candace Flint",
    "collaborators": [],
    "countdown": false,
    "icon": "",
    "preBlurb": "",
    "blurb": "Inside the clamber bondyo shinset boo of the pommel pommel blintz, there are secrets no one will tell, but I heard, because, well... listen, I can't say it too loud, you know, but it's a fact that the stuff you hear through the walls are only as true as all that. ",
    "postBlurb": ""
},
{   "index": 27,
    "type": "project",
    "page": "research",
    "infos": "rese-kozl-walls", 
    "image1": "/img/egg_head.jpg",
    "alt1": "Image of a humpty dumpty as an elizabethan egg.",
    "caption1": "The perils of walls: sitting on, writing on, building up, breaking down.",
    "toolTip1": "",
    "startDate": "2010-11-13",
    "endDate": "2014-11-13",
    "title": "The Walls",
    "lead": "Robert Kozlowski, Fred Morse, et al.",
    "collaborators": [],
    "countdown": false,
    "icon": "",
    "preBlurb": "",
    "blurb": "The Chinese Wall of wall-related research, with as large a scope as possible, and absolutely no funding. Embracing cross disciplinary approaches and scientific antagonism, this four-year expedition through Wall Investigations brings together anthropology, dream experiments, travel, thought experiments, and glue-slathered popsicle sticks. ",
    "postBlurb": ""
},
{   "index": 28,
    "type": "project",
    "page": "we",
    "infos": "we-knee", 
    "image1": "/img/egg_head.jpg",
    "alt1": "Vaughn Knee is pausing for a camera.",
    "caption1": "Vaughn Knee, 2008.",
    "toolTip1": "",
    "startDate": "2001-01-15",
    "endDate": "2050-10-10",
    "title": "Vaughn Knee",
    "lead": "Director of Lafin's Education Wing",
    "collaborators": [],
    "countdown": false,
    "icon": "",
    "preBlurb": "",
    "blurb": "",
    "postBlurb": ""
},
{   "index": 29,
    "type": "project",
    "page": "we",
    "infos": "we-mayf", 
    "image1": "/img/egg_head.jpg",
    "alt1": "Franceska avoiding the camera.",
    "caption1": "Frank Mayfield, 2020.",
    "toolTip1": "",
    "startDate": "1972-01-15",
    "endDate": "2050-10-10",
    "title": "Franceska (Frank) Mayfield",
    "lead": "Director of Lafin's Research Wing",
    "collaborators": [],
    "countdown": false,
    "icon": "",
    "preBlurb": "",
    "blurb": "",
    "postBlurb": ""
},
{   "index": 30,
    "type": "project",
    "page": "we",
    "infos": "we-scho", 
    "image1": "/img/egg_head.jpg",
    "alt1": "Mélisandre is pausing for a camera.",
    "caption1": "Mélisandre Schofield, 2020.",
    "toolTip1": "",
    "startDate": "2003-01-15",
    "endDate": "2050-10-10",
    "title": "Mélisandre Candide Schofield",
    "lead": "Lead Archivist, administrator",
    "collaborators": [],
    "countdown": false,
    "icon": "",
    "preBlurb": "",
    "blurb": "",
    "postBlurb": ""
},
{   "index": 31,
    "type": "project",
    "page": "we",
    "infos": "we-rugg", 
    "image1": "/img/egg_head.jpg",
    "alt1": "Stacey Ruggenbaum is pausing for a camera.",
    "caption1": "Stacey Ruggenbaum, 2006.",
    "toolTip1": "",
    "startDate": "1960-01-15",
    "endDate": "2050-10-10",
    "title": "Stacey Ruggenbaum",
    "lead": "Lafin Board of Directors, Treasurer",
    "collaborators": [],
    "countdown": false,
    "icon": "",
    "preBlurb": "",
    "blurb": "",
    "postBlurb": ""
},
{   "index": 32,
    "type": "project",
    "page": "we",
    "infos": "we-star", 
    "image1": "/img/egg_head.jpg",
    "alt1": "Melancholy Starfield, pausing for a camera.",
    "caption1": "Mel Starfield, 2030.",
    "toolTip1": "",
    "startDate": "2012-01-15",
    "endDate": "2050-10-10",
    "title": "Melancholy Starfield",
    "lead": "Lafin Fictionalist",
    "collaborators": [],
    "countdown": false,
    "icon": "",
    "preBlurb": "",
    "blurb": "",
    "postBlurb": ""
},
{   "index": 33,
    "type": "project",
    "page": "we",
    "infos": "we-swin", 
    "image1": "/img/egg_head.jpg",
    "alt1": "C.A. Swintak, pausing for a camera.",
    "caption1": "C.A. Swintak, 2005.",
    "toolTip1": "",
    "startDate": "2005-01-15",
    "endDate": "2050-10-10",
    "title": "C.A. Swintak",
    "lead": "Lafin Gallery Interim",
    "collaborators": [],
    "countdown": false,
    "icon": "",
    "preBlurb": "",
    "blurb": "",
    "postBlurb": ""
},
{   "index": 34,
    "type": "period",
    "page": "residency",
    "infos": "resi-p-appl", 
    "image1": "/img/egg_head.jpg",
    "alt1": "Vincent's things",
    "caption1": "an experiment in the field of administration, hosted by Vincent Applebee",
    "toolTip1": "",
    "startDate": "2005-01-01",
    "endDate": "2005-03-30",
    "title": "Closet Residency",
    "lead": "an experiment in the field of arts administration",
    "collaborators": [],
    "countdown": false,
    "icon": "",
    "preBlurb": "",
    "blurb": "",
    "postBlurb": ""
},
{   "index": 35,
    "type": "period",
    "page": "residency",
    "infos": "resi-p-mid_r2",
    "image1": "",
    "alt1": "A muddle of jumbled middles.",
    "caption1": "The middle room was often empty, as it was in the middle of everything.",
    "toolTip1": "",
    "startDate": "2005-04-01",
    "endDate": "2005-08-01",
    "title": "The middle room",
    "lead": "the latter-days",
    "collaborators": [],
    "countdown": false,
    "icon": "img/residency/period.jpg",
    "preBlurb": "<strong>Those were</strong> the days of middle rooms.",
    "blurb": "<strong>These are</strong> the days of middle rooms.",
    "postBlurb": "<strong>These will be</strong> the days of middle rooms"
},
{   "index": 36,
    "type": "project",
    "page": "residency",
    "infos": "resi-knee-Unti",
    "image1": "",
    "alt1": "image of a window",
    "caption1": "The curtains open by mistake...",
    "toolTip1": "",
    "startDate": "2005-04-07",
    "endDate": "2005-04-21",
    "title": "Untitled",
    "lead": "Vaughn Knee",
    "collaborators": [],
    "countdown": false,
    "icon": "img/residency/period.jpg",
    "preBlurb": "<strong>Those were</strong> the days of middle rooms.",
    "blurb": "<strong>These are</strong> the days of middle rooms.",
    "postBlurb": "<strong>These will be</strong> the days of middle rooms"
},
{   "index": 37,
    "type": "project",
    "page": "residency",
    "infos": "resi-quin-divi",
    "image1": "http://drive.google.com/uc?export=view&id=1VcjKETr-Yjz-PsSQG8X5mlOSlgzoFklc",
    "alt1": "the quintuplets",
    "caption1": "when they divide",
    "toolTip1": "",
    "startDate": "2003-10-21",
    "endDate": "2003-10-30",
    "title": "Divided",
    "lead": "The Foxberry Quintuplets",
    "collaborators": [],
    "countdown": false,
    "icon": "img/residency/period.jpg",
    "preBlurb": "<strong>Those were</strong> the days of middle rooms.",
    "blurb": "There's no room for doubt.",
    "postBlurb": "<strong>These will be</strong> the days of middle rooms"
},
{   "index": 38,
    "type": "project",
    "page": "residency",
    "infos": "resi-scho-move",
    "image1": "",
    "alt1": "the move",
    "caption1": "when mélisandre moved",
    "toolTip1": "",
    "startDate": "2005-07-01",
    "endDate": "2005-07-15",
    "title": "Moved",
    "lead": "Mélisandre Schofield",
    "collaborators": [],
    "countdown": false,
    "icon": "img/residency/period.jpg",
    "preBlurb": "<strong>Those were</strong> the days of middle rooms.",
    "blurb": "There's no room for doubt.",
    "postBlurb": "<strong>These will be</strong> the days of middle rooms"
},
{   "index": 39,
    "type": "project",
    "page": "history",
    "infos": "hist-corr-findm",
    "image1": "/img/closet_monster.jpg",
    "alt1": "a hand-written letter from 1977",
    "caption1": "found in a shoe box, a letter from James Knee to Olivia and Vaughn",
    "toolTip1": "",
    "startDate": "1977-06-02",
    "endDate": "1977-06-02",
    "title": "&quot;find me in the cupboard&quot;",
    "lead": "James Knee",
    "collaborators": [],
    "countdown": false,
    "icon": "img/residency/2019-10-01.jpg",
    "preBlurb": "",
    "blurb": "hints that should send you on crisscrossing journeys",
    "postBlurb": ""
},
{   "index": 40,
    "type": "default",
    "page": "history",
    "infos": "hist-p-secr",
    "image1": "/img/bunnyB.jpg",
    "alt1": "a bunny bird",
    "caption1": "Lookum. Lokum. yum yum yum.",
    "toolTip1": "",
    "startDate": "1900-01-01",
    "endDate": "2050-01-01",
    "title": "Who we've been",
    "lead": "Correspondances, memos, mementos, grievances, dalliances, home-remedies...",
    "collaborators": [],
    "countdown": false,
    "icon": "img/residency/2019-10-01.jpg",
    "preBlurb": "",
    "blurb": "Who we are, on days like today, is a mystery even to ourselves [...]",
    "postBlurb": ""
},
{   "index": 41,
    "type": "project",
    "page": "history",
    "infos": "hist-mayf-ferm",
    "image1": "/img/bunnyB.jpg",
    "alt1": "not quite alcohol",
    "caption1": "mediterranean sand, bare feet, triple-washed, massaged with grapes.",
    "toolTip1": "",
    "startDate": "1986-09-12",
    "endDate": "1986-09-12",
    "title": "Château Eustache",
    "lead": "Frank Mayfield, Stacey Ruggenbaum",
    "collaborators": [],
    "countdown": false,
    "icon": "img/residency/2019-10-01.jpg",
    "preBlurb": "",
    "blurb": "A few bottles left, in the back of the pantry.",
    "postBlurb": ""
},
{   "index": 42,
    "type": "project",
    "page": "history",
    "infos": "hist-mont-end_o",
    "image1": "/img/bunnyB.jpg",
    "alt1": "cadavre exquis",
    "caption1": "some of us like to pretend we speak french",
    "toolTip1": "",
    "startDate": "1994-06-06",
    "endDate": "1994-08-15",
    "title": "cadavre exquis",
    "lead": "Meh de Montmartre",
    "collaborators": [],
    "countdown": false,
    "icon": "img/residency/2019-10-01.jpg",
    "preBlurb": "",
    "blurb": "found in the back of Stacey's filling cabinet, in a file folder titled:06-06-94, the end of the world",
    "postBlurb": ""
},
{   "index": 43,
    "type": "project",
    "page": "history",
    "infos": "hist-highw-bod",
    "image1": "/img/bunnyB.jpg",
    "alt1": "the highway to there",
    "caption1": "It was ours.",
    "toolTip1": "",
    "startDate": "1999-06-01",
    "endDate": "1999-07-01",
    "title": "The highway to there.",
    "lead": "BOD",
    "collaborators": [],
    "countdown": false,
    "icon": "img/residency/2019-10-01.jpg",
    "preBlurb": "",
    "blurb": "Half of it belonged to the state, but it didn't matter to us.",
    "postBlurb": ""
},
{   "index": 44,
    "type": "period",
    "page": "residency",
    "infos": "resi-p-wake",
    "image1": "/img/bunnyB.jpg",
    "alt1": "our first sailboat",
    "caption1": "We belong to the sea.",
    "toolTip1": "",
    "startDate": "1976-04-01",
    "endDate": "1983-09-01",
    "title": "The Wake",
    "lead": "a sailboat adventure",
    "collaborators": [],
    "countdown": false,
    "icon": "img/residency/2019-10-01.jpg",
    "preBlurb": "",
    "blurb": "Summers rocked to sleep by the waves.",
    "postBlurb": ""
},
{   "index": 45,
    "type": "project",
    "page": "press",
    "infos": "pres-john-capi",
    "image1": "/img/bunnyB.jpg",
    "alt1": "book cover: a hand-drawn motorcycle with scull and crossbone smoke, and three bunnies watching",
    "caption1": "capitalism stole our story",
    "toolTip1": "a youth-obsessed society, asking for the same bedtime story every night",
    "startDate": "1985-01-31",
    "endDate": "1985-01-31",
    "title": "Capitalism, meh meh meh",
    "lead": "Johanna Johnson",
    "collaborators": [],
    "countdown": false,
    "icon": "img/residency/2019-10-01.jpg",
    "preBlurb": "",
    "blurb": "We like it the same.",
    "postBlurb": ""
},
{   "index": 46,
    "type": "project",
    "page": "residency",
    "infos": "resi-mayf-post",
    "image1": "/img/bunnyB.jpg",
    "alt1": "Frank Mayfield sitting on a wood chair in a black shirt, back facing the camera",
    "caption1": "deconstruction of the postmodern sort",
    "toolTip1": "we like our deaths to be reversible",
    "startDate": "2000-02-20",
    "endDate": "2000-02-27",
    "title": "Postmodern Deconstruction of Death in the Hyperreal",
    "lead": "Anita Beaumont in collaboration with Frank Mayfield",
    "collaborators": [],
    "countdown": false,
    "icon": "img/residency/2019-10-01.jpg",
    "preBlurb": "",
    "blurb": "We like it the same.",
    "postBlurb": ""
},
{   "index": 47,
    "type": "project",
    "page": "residency",
    "infos": "resi-koto-foam",
    "image1": "/img/bunnyB.jpg",
    "alt1": "book cover showing a drawing of a fish in textured waves.",
    "caption1": "the fish that saw us",
    "toolTip1": "we recreated the book cover due to copyright issues",
    "startDate": "1976-06-15",
    "endDate": "1976-08-20",
    "title": "Foamed",
    "lead": "Julianna Kotowsky",
    "collaborators": [],
    "countdown": false,
    "icon": "img/residency/2019-10-01.jpg",
    "preBlurb": "",
    "blurb": "this doesn't make sense.",
    "postBlurb": ""
},
{   "index": 48,
    "type": "project",
    "page": "residency",
    "infos": "resi-dyla-look",
    "image1": "/img/bunnyB.jpg",
    "alt1": "A construction of saltwater Lokum",
    "caption1": "Lookum. Lokum. yum yum yum.",
    "toolTip1": "salty sweet",
    "startDate": "1979-08-29",
    "endDate": "1979-06-27",
    "title": "Look at um",
    "lead": "Bobby Dylan, the food artist",
    "collaborators": [],
    "countdown": false,
    "icon": "img/residency/2019-10-01.jpg",
    "preBlurb": "",
    "blurb": "We like it the same.",
    "postBlurb": ""
}
]